1,House,6129
2,Techno,4708
3,Electronic,3832
4,Dubstep,3373
5,Comedy,2614
6,Drum & Bass,2465
7,Deep House,2250
8,Progressive House,1739
9,Electro House,1691
10,Tech House,1532
11,Trance,930
12,Hip Hop,819
13,Pop,808
14,Trap,799
15,Dance,748
16,Progressive Trance,745
17,Electro,722
18,Rock,676
19,Alternative,641
20,Reggae,572
21,Classical,563
22,Hardstyle,544
23,house,514
24,Techno House,513
25,Bass,487
26,Mashup,466
27,Hip-Hop,452
28,EDM,443
29,comedy,442
30,News,438
31,Rap,430
32,Public Radio,402
33,Electronica,385
34,Indie,383
35,House Music,381
36,Podcast,363
37,Music,361
38,Hardcore,355
39,Remix,312
40,techno,312
41,Disco,290
42,Electronic House,290
43,Soul,289
44,Hiphop,288
45,Glitch Hop,286
46,Drumstep,283
47,Moombahton,283
48,Radio,275
49,R&B,271
50,Tech-house,266
51,Soundtrack,256
52,dubstep,255
53,Techhouse,250
54,Interview,249
55,Mixtape,234
56,deep house,232
57,Ambient,227
58,Sports,226
59,Hip-hop/rap,224
60,Minimal,223
61,HOUSE,218
62,Tech-House,204
63,TRAP,203
64,electronic,201
65,DUBSTEP,200
66,drum and bass,196
67,Nu Disco,196
68,Acoustic,193
69,Lifestyle,188
70,Psychedelic Trance,184
71,Psytrance,180
72,Mix,180
73,hip hop,170
74,Club,165
75,tech house,164
76,Storytelling,163
77,Drum and Bass,158
78,Folk,157
79,Bass Music,156
80,Funk,149
81,Chillout,148
82,House ,148
83,Blues,146
84,Dub,145
85,Experimental,140
86,Breaks,138
87,Metal,136
88,Progressive,136
89,electro house,131
90,Business,130
91,Piano,125
92,Melbourne Bounce,124
93,Grime,124
94,Radio Show,118
95,Science,116
96,progressive house,114
97,Disco House,114
98,Electronic Pop,113
99,Jazz,112
100,Deep,111
